tanggal,komentar,rating
2024-09-10,"Layanan pengiriman lumayan, sepatu sesuai harapan.",3
2024-10-28,"Pelayanan pelanggan tidak responsif, mouse perlu perbaikan.",2
2025-06-21,"Harga biasa saja, sepatu sesuai harapan.",3
2023-10-31,"Pengalaman belanja standar, mouse sesuai harapan.",3
2024-03-12,"Layanan pengiriman ramah, tas sangat baik.",4
2024-02-28,"Pengalaman belanja kurang rapi, tas perlu perbaikan.",2
2024-10-24,"Harga ramah, tas sangat baik.",5
2024-12-18,"Kemasan lumayan, sepatu sesuai harapan.",3
2023-02-21,"Layanan pengiriman cukup baik, headphone sesuai harapan.",3
2024-04-05,"Harga tepat waktu, jam tangan sangat baik.",5
2024-07-13,"Layanan pengiriman tidak responsif, mouse perlu perbaikan.",1
2023-10-16,"Proses pemesanan profesional, baju sangat baik.",5
2023-01-06,"Harga ramah, tas sangat baik.",5
2025-02-13,"Kemasan profesional, laptop sangat baik.",4
2024-10-24,"Kualitas produk memuaskan, sepatu sangat baik.",5
2024-11-12,"Harga mengecewakan, headphone perlu perbaikan.",2
2024-11-25,"Kemasan tidak responsif, sepatu perlu perbaikan.",2
2023-12-19,"Kemasan cukup baik, baju sesuai harapan.",3
2025-02-04,"Proses pemesanan lumayan, keyboard sesuai harapan.",3
2023-04-13,"Layanan pengiriman profesional, tas sangat baik.",5
2023-04-19,"Harga mengecewakan, mouse perlu perbaikan.",1
2023-09-02,"Layanan pengiriman murah, keyboard sangat baik.",4
2024-12-19,"Kemasan ramah, baju sangat baik.",4
2024-12-24,"Dukungan teknis berkualitas, keyboard sangat baik.",5
2024-04-04,"Pengalaman belanja cepat, baju sangat baik.",4
2023-03-31,"Kualitas produk memuaskan, jam tangan sangat baik.",4
2023-03-04,"Pelayanan pelanggan memuaskan, tas sangat baik.",4
2023-09-21,"Pelayanan pelanggan bisa ditingkatkan, jam tangan sesuai harapan.",3
2025-01-04,"Proses pemesanan buruk, sepatu perlu perbaikan.",2
2025-04-15,"Layanan pengiriman standar, headphone sesuai harapan.",3
2023-09-13,"Proses pemesanan ramah, headphone sangat baik.",4
2024-09-24,"Kualitas produk tidak responsif, sepatu perlu perbaikan.",1
2024-03-08,"Kemasan memuaskan, sepatu sangat baik.",4
2023-12-23,"Kualitas produk kurang rapi, keyboard perlu perbaikan.",2
2024-10-31,"Harga tidak responsif, sepatu perlu perbaikan.",1
2024-06-15,"Layanan pengiriman ramah, mouse sangat baik.",5
2023-09-21,"Harga profesional, baju sangat baik.",4
2024-07-18,"Layanan pengiriman tepat waktu, mouse sangat baik.",5
2024-08-29,"Pengalaman belanja murah, sepatu sangat baik.",5
2023-06-06,"Proses pemesanan murah, mouse sangat baik.",5
2023-01-17,"Harga lumayan, sepatu sesuai harapan.",3
2024-04-28,"Dukungan teknis tidak responsif, baju perlu perbaikan.",1
2024-12-26,"Kualitas produk murah, laptop sangat baik.",5
2025-01-30,"Layanan pengiriman memuaskan, mouse sangat baik.",5
2025-02-02,"Kemasan profesional, mouse sangat baik.",4
2024-06-01,"Pengalaman belanja bagus, tas sangat baik.",4
2024-08-13,"Layanan pengiriman mengecewakan, tas perlu perbaikan.",1
2024-01-26,"Harga tidak responsif, baju perlu perbaikan.",2
2024-08-16,"Kualitas produk murah, sepatu sangat baik.",5
2024-03-29,"Proses pemesanan tepat waktu, jam tangan sangat baik.",5
2024-01-16,"Kemasan lambat, baju perlu perbaikan.",1
2023-03-17,"Proses pemesanan ramah, mouse sangat baik.",5
2024-06-04,"Pelayanan pelanggan berkualitas, headphone sangat baik.",5
2024-01-19,"Pengalaman belanja mahal, sepatu perlu perbaikan.",1
2023-09-29,"Pengalaman belanja buruk, jam tangan perlu perbaikan.",1
2025-06-06,"Pelayanan pelanggan lumayan, sepatu sesuai harapan.",3
2024-12-22,"Dukungan teknis cepat, keyboard sangat baik.",4
2024-08-25,"Proses pemesanan tidak responsif, laptop perlu perbaikan.",1
2024-05-29,"Dukungan teknis berkualitas, sepatu sangat baik.",4
2025-03-07,"Pelayanan pelanggan lambat, mouse perlu perbaikan.",1
2023-03-17,"Kualitas produk tepat waktu, keyboard sangat baik.",5
2023-11-02,"Proses pemesanan tepat waktu, sepatu sangat baik.",5
2024-11-04,"Kualitas produk rusak, baju perlu perbaikan.",2
2023-06-17,"Pelayanan pelanggan kurang rapi, mouse perlu perbaikan.",1
2023-02-23,"Pelayanan pelanggan ramah, mouse sangat baik.",4
2025-01-02,"Kemasan lambat, tas perlu perbaikan.",1
2024-08-01,"Pelayanan pelanggan memuaskan, baju sangat baik.",5
2024-12-29,"Kemasan profesional, baju sangat baik.",4
2025-05-26,"Pelayanan pelanggan cepat, jam tangan sangat baik.",4
2024-01-04,"Harga rusak, jam tangan perlu perbaikan.",1
2025-02-21,"Dukungan teknis memuaskan, sepatu sangat baik.",5
2025-01-30,"Pengalaman belanja kurang rapi, baju perlu perbaikan.",1
2025-01-10,"Proses pemesanan rusak, laptop perlu perbaikan.",2
2024-06-30,"Kemasan standar, baju sesuai harapan.",3
2025-03-19,"Pelayanan pelanggan lumayan, headphone sesuai harapan.",3
2023-04-27,"Proses pemesanan cepat, tas sangat baik.",4
2025-06-11,"Kemasan buruk, sepatu perlu perbaikan.",2
2025-04-05,"Proses pemesanan rusak, headphone perlu perbaikan.",1
2025-04-11,"Pengalaman belanja bagus, mouse sangat baik.",5
2024-01-19,"Proses pemesanan mengecewakan, laptop perlu perbaikan.",1
2023-12-21,"Kemasan standar, jam tangan sesuai harapan.",3
2024-03-25,"Pengalaman belanja mengecewakan, headphone perlu perbaikan.",2
2023-01-14,"Pelayanan pelanggan kurang rapi, sepatu perlu perbaikan.",1
2025-01-27,"Pelayanan pelanggan mahal, laptop perlu perbaikan.",1
2025-03-08,"Kualitas produk memuaskan, sepatu sangat baik.",4
2025-02-19,"Pengalaman belanja memuaskan, keyboard sangat baik.",5
2024-08-29,"Harga profesional, jam tangan sangat baik.",5
2024-05-22,"Kualitas produk tidak responsif, headphone perlu perbaikan.",1
2025-05-21,"Harga tepat waktu, headphone sangat baik.",5
2023-10-03,"Pengalaman belanja kurang rapi, baju perlu perbaikan.",1
2023-03-27,"Pelayanan pelanggan tepat waktu, tas sangat baik.",4
2025-04-30,"Dukungan teknis kurang rapi, keyboard perlu perbaikan.",1
2024-06-10,"Harga profesional, keyboard sangat baik.",4
2025-01-04,"Harga buruk, mouse perlu perbaikan.",1
2024-07-29,"Layanan pengiriman biasa saja, baju sesuai harapan.",3
2025-01-15,"Proses pemesanan buruk, laptop perlu perbaikan.",2
2024-04-16,"Pengalaman belanja memuaskan, keyboard sangat baik.",5
2024-02-06,"Kualitas produk rusak, tas perlu perbaikan.",1
2024-07-19,"Dukungan teknis murah, baju sangat baik.",4
2024-03-12,"Proses pemesanan kurang rapi, laptop perlu perbaikan.",2
